<pages>

<link>
<title>Adidas</title>
<url>../mens.html</url>
</link>

<link>
<title>Nike</title>
<url>../htmldom/prop_img_height.asp</url>
</link>

<link>
<title>Under armour</title>
<url>../tags/tag_a.asp</url>
</link>

<link>
<title>Converse</title>
<url>../tags/tag_br.asp</url>
</link>

<link>
<title>Vans</title>
<url>../css/pr_background.asp</url>
</link>

<link>
<title>Puma</title>
<url>../css/pr_border.asp</url>
</link>

<link>
<title>Air Jordan</title>
<url>../jsref/jsref_date.asp</url>
</link>

<link>
<title>Kobe</title>
<url>../jsref/jsref_anchor.asp</url>
</link>


</pages>